,mean,variance
rl,0.81406,0.47511631639999996
b1,0.6940799999999999,0.3561289535999999
b2,0.2934,1.06926844
